"Gene","Module","GS_Parkinson","GS_Parkinson_p","MM","MM_p"
"CSF1","brown",0.51312526931055,3.80998709710986e-05,0.947898852875914,1.69000014094788e-29
"MAPKAPK2","brown",0.536773844469238,1.40119701607779e-05,0.946362517808424,3.73560015615403e-29
"EPHX1","brown",0.518953843866247,2.99806061262533e-05,0.942107484118052,2.99186824546135e-28
"RELA","brown",0.601941067551694,5.78965061153703e-07,0.941296103175257,4.36985532075065e-28
"SCAMP2","brown",0.520210996594017,2.84537888598507e-05,0.940846307710634,5.37856904669841e-28
"KLF15","brown",0.616141941619871,2.62380443838797e-07,0.939150496334435,1.16010008161894e-27
"ITPKB","brown",0.495097483247747,7.78236907746487e-05,0.937566851405306,2.33181767265183e-27
"PRICKLE3","brown",0.516773395179521,3.28095708691738e-05,0.935271796114617,6.21295405161946e-27
"INPPL1","brown",0.571807904543494,2.75073512347509e-06,0.934304212047481,9.29137478407863e-27
"SIPA1","brown",0.565156537061686,3.80134310149155e-06,0.931875184386634,2.48533599756972e-26
"BCAT2","brown",0.649742414583433,3.41937142742749e-08,0.930563276668881,4.16543996406835e-26
"TNIP2","brown",0.595875057082363,8.02523953188336e-07,0.925889852492912,2.42306611645358e-25
"PLCB3","brown",0.621088284732705,1.97325656543353e-07,0.92545740172983,2.83518256099006e-25
"SORBS3","brown",0.566727853758918,3.52390154983842e-06,0.924943614808302,3.412672888222e-25
"FLT3LG","brown",0.551308990114193,7.29174690947151e-06,0.923873248248645,5.00039437703073e-25
"ATOH8","brown",0.584484709924343,1.45549492143173e-06,0.921644438219952,1.08849479543616e-24
"DOK1","brown",0.573797394488011,2.49360518728048e-06,0.920966658947525,1.37270638882522e-24
"TTC38","brown",0.538541096873683,1.2963119907703e-05,0.919996567049316,1.90645421050118e-24
"FAM229A","brown",0.623084749589909,1.7564102462613e-07,0.917788644019578,3.96538478637698e-24
"SMOX","brown",0.621752929557872,1.89841737567041e-07,0.913934909966509,1.35720245662668e-23
"ROM1","brown",0.444043864056748,0.000480122072150617,0.913712670567631,1.45443357552961e-23
"ZBTB7B","brown",0.477934576963835,0.000148158604740711,0.913445227064253,1.58033133229725e-23
"HMG20B","brown",0.506395647726158,4.9975575777844e-05,0.912209511736947,2.31119629062805e-23
"ARAP1","brown",0.554199081292072,6.38017777535476e-06,0.911894198030303,2.54432603892901e-23
"LCAT","brown",0.580509576954881,1.78216694208167e-06,0.911196951926719,3.14275177310334e-23
"TCF7L1","brown",0.623418818840087,1.72238987159908e-07,0.910598854179833,3.76186716283368e-23
"PRKD2","brown",0.580713139484902,1.76389762331303e-06,0.910415948987514,3.97352636844657e-23
"CPT1B","brown",0.620762759918286,2.0109139495459e-07,0.908400529564257,7.2078737054375e-23
"RNF135","brown",0.535708408618281,1.46817738309727e-05,0.905689870584698,1.57180145850074e-22
"GDPD3","brown",0.612709849897777,3.18824729001346e-07,0.903706380343027,2.73995837033913e-22
"KLK14","brown",0.644038780488051,4.91813853077265e-08,0.903555947932269,2.85650208652295e-22
"POLD1","brown",0.527101861462945,2.12864356244151e-05,0.903362193204916,3.01363930973341e-22
"PHF19","brown",0.49521369763888,7.74760410063861e-05,0.901719394233655,4.72421992798426e-22
"AGER","brown",0.58820521778405,1.2012753291945e-06,0.899866031012063,7.77160188004254e-22
"TCAP","brown",0.658684658579581,1.90409630140533e-08,0.899668561450866,8.19020801349931e-22
"EFNA4","brown",0.557721827564229,5.41253982251203e-06,0.898768823596144,1.03875551022252e-21
"PYROXD2","brown",0.50527588219084,5.22547159820225e-05,0.898649792827689,1.07175647990788e-21
"TENC1","brown",0.484007558156003,0.000118434169068594,0.898514356283531,1.11053061319116e-21
"TSPO","brown",0.490575090588782,9.25199586642279e-05,0.898245378171902,1.19156873185811e-21
"TRIM47","brown",0.482492841766991,0.000125286335301194,0.897914130060479,1.29918828843129e-21
"HSD3B7","brown",0.520165628090196,2.85076147960357e-05,0.897458334344843,1.46263239937958e-21
"TOB2","brown",0.52259842432708,2.57503147982696e-05,0.897453896370718,1.4643169373728e-21
"RAPGEF3","brown",0.512497979575129,3.90851982384241e-05,0.897027537956284,1.63513722106871e-21
"NFATC1","brown",0.496941153526927,7.24740031164514e-05,0.89630566630758,1.96884236415688e-21
"NRM","brown",0.512232340144723,3.95095022162642e-05,0.894898603717473,2.81666451237902e-21
"SERPINF2","brown",0.609410465755579,3.83670296910609e-07,0.894736921990113,2.93403230284682e-21
"SMO","brown",0.601057374252935,6.07425425314779e-07,0.894567161324955,3.06231335670879e-21
"PPP1R13L","brown",0.534174263063853,1.56985209435127e-05,0.894565281062108,3.06376390471445e-21
"CLDN9","brown",0.548444397245483,8.3135783649141e-06,0.89406333247645,3.47553064986753e-21
"MT2A","brown",0.572958124021133,2.59921101239045e-06,0.893430600844474,4.07067590447172e-21
"BMP1","brown",0.563902357847853,4.03725834511752e-06,0.892664203007592,4.92309587318601e-21
"TBX6","brown",0.52706765691378,2.13174550320342e-05,0.891075420781621,7.26847912091541e-21
"PLIN4","brown",0.627293424853405,1.37049203004352e-07,0.888899255741064,1.2274642567013e-20
"FAM181B","brown",0.49039099563657,9.31689685633281e-05,0.888405588964592,1.38030360985435e-20
"MAP4K1","brown",0.540371575788336,1.19539016780642e-05,0.888312171193606,1.41121141168748e-20
"FBXL7","brown",0.47688967811157,0.000153913482253964,0.886551627552464,2.13433120370745e-20
"CDK2AP2","brown",0.557721765698888,5.41255554602131e-06,0.88563275207398,2.64157999177139e-20
"SMTN","brown",0.604936559798757,4.91516951869578e-07,0.885248025970388,2.88669494475136e-20
"CCDC88B","brown",0.596685179857892,7.68578369144693e-07,0.884432512081186,3.48046098517001e-20
"ABHD4","brown",0.417992343697989,0.00109500282407173,0.88386866321925,3.95774477182546e-20
"C7orf61","brown",0.58562448753369,1.37271677339423e-06,0.882230300202075,5.72788907732477e-20
"SLC26A6","brown",0.603983007071729,5.1791103757919e-07,0.880146640983358,9.09439710380949e-20
"CHST14","brown",0.481823458292188,0.000128428684514471,0.880108579279248,9.17079122974255e-20
"PIEZO1","brown",0.511278547883471,4.10682715187714e-05,0.877194583615241,1.72562352101794e-19
"MTSS1L","brown",0.573705514816153,2.50496809736538e-06,0.876391359345054,2.04832478955217e-19
"NAPSA","brown",0.57976378246525,1.85062195606845e-06,0.873337308136527,3.8889880819508e-19
"NUPR1","brown",0.534741897202055,1.53149499306155e-05,0.8722918069423,4.82510428092371e-19
"TRIP10","brown",0.608899015967501,3.94766698907619e-07,0.871912032071134,5.21589399750731e-19
"DHRS3","brown",0.593526482193427,9.0903955438576e-07,0.871441412597977,5.74238653596543e-19
"AL031663.2","brown",0.557987500651341,5.34540793996823e-06,0.869956867417075,7.75831191108813e-19
"PHF21B","brown",0.569198685846671,3.12554237718477e-06,0.869359897042912,8.74709773438023e-19
"PLEKHF1","brown",0.475887906686601,0.000159622261949029,0.86920396313866,9.02464259374527e-19
"CLASRP","brown",0.528725018468662,1.98615680700047e-05,0.868915018385682,9.56141032200422e-19
"ARHGAP17","brown",0.443712700843467,0.000485382861213805,0.867962622880304,1.15560454169948e-18
"IZUMO4","brown",0.553732984994635,6.51963243602293e-06,0.867851439561468,1.18133731437556e-18
"STXBP2","brown",0.548266406736326,8.38126687362603e-06,0.867217486863471,1.33889261101443e-18
"GPR35","brown",0.621364302533177,1.94184643235468e-07,0.867095229438332,1.37151075740525e-18
"LRP5","brown",0.485998654616821,0.000109949657537813,0.865936740791648,1.72085426039746e-18
"CLDN15","brown",0.553904568206033,6.4679687059607e-06,0.865789500504529,1.7709372860709e-18
"HVCN1","brown",0.541679023717584,1.12782417736494e-05,0.86559924572248,1.83772397721539e-18
"LRP4","brown",0.53623054637601,1.4349898837034e-05,0.860702605904226,4.67552242622476e-18
"AGTRAP","brown",0.427353005390888,0.000820398373446258,0.859675909394175,5.66124888774572e-18
"CARD9","brown",0.643400518143577,5.11990481738607e-08,0.8564426902193,1.02404776753381e-17
"PLK1","brown",0.552827997926011,6.79853520048597e-06,0.855268519822676,1.26546632906403e-17
"WASF2","brown",0.393291769665803,0.00225718975844574,0.855229607108287,1.27433431414845e-17
"EML3","brown",0.417403450069787,0.00111476804945535,0.853793978372195,1.64649409728553e-17
"RAB3IL1","brown",0.565983183186617,3.65294346968223e-06,0.853568234818876,1.71375966880397e-17
"UCP3","brown",0.505285076895312,5.2235617536929e-05,0.851838860713221,2.3238694507353e-17
"REEP4","brown",0.527347571291535,2.10648316434588e-05,0.851550495318144,2.44400843089682e-17
"NPFF","brown",0.626957282271879,1.3981098408421e-07,0.850708078475451,2.83002535689024e-17
"RENBP","brown",0.446732753753447,0.000439284586343369,0.850563742724882,2.90177059945801e-17
"PLOD3","brown",0.474758552808667,0.000166290048685672,0.850090672199028,3.14933908818958e-17
"NOTCH1","brown",0.465002136836644,0.000235430476576915,0.848063299487682,4.45890781378862e-17
"LRRC3DN","brown",0.506615391542086,4.95392158886296e-05,0.847939030187147,4.55421240558834e-17
"CHST3","brown",0.390210127616648,0.00246104881711665,0.847817910019519,4.6489776279828e-17
"SHKBP1","brown",0.498550387727843,6.80832918261543e-05,0.847437331027865,4.95919432261051e-17
"DDIT4","brown",0.610393206683383,3.63165364881676e-07,0.847321315552179,5.05763909511849e-17
"CARHSP1","brown",0.446688272115635,0.000439933662516878,0.84704646545859,5.29838887016353e-17
"HSPB1","brown",0.606079115830969,4.61552707773114e-07,0.845390168739621,6.99870025564171e-17
"CLEC18B","brown",0.654215658691013,2.55746765211798e-08,0.844893702659278,7.60280329332668e-17
"EVA1B","brown",0.641419989987444,5.79678111978923e-08,0.844635154541661,7.93687092827269e-17
"RALGDS","brown",0.403430722771782,0.00168842961585888,0.844192710316062,8.54141087842382e-17
"CEL","brown",0.589290348173811,1.13535326909113e-06,0.842712191404783,1.09016963382201e-16
"SRGAP1","brown",0.424730933464411,0.000890247727210472,0.841924223268431,1.24007402142151e-16
"DNASE1L2","brown",0.664706373601685,1.26949662272765e-08,0.841296718324102,1.37337468669307e-16
"ASPRV1","brown",0.546247252555511,9.18585221464919e-06,0.840337272702658,1.60404682601924e-16
"FAM167B","brown",0.572823682061391,2.6165108186062e-06,0.840121345897932,1.66085170374293e-16
"MEF2B","brown",0.59655745492785,7.73839427585789e-07,0.839773033365637,1.75656407894315e-16
"RFX2","brown",0.580175296448402,1.81255196265899e-06,0.838860465589178,2.03302361206697e-16
"PRKX","brown",0.600615542537225,6.22141847464352e-07,0.837648987964574,2.46494559164066e-16
"CDK11A","brown",0.451328708075439,0.000376721392993889,0.835393925316989,3.51345852334532e-16
"A-575C2.4.1","brown",0.510340371295783,4.26567059435449e-05,0.834065555089522,4.31845113459155e-16
"LAT","brown",0.60098067679706,6.09956418205542e-07,0.833822754461411,4.48351607959428e-16
"CCDC154","brown",0.576466896336068,2.18372341915301e-06,0.833340516613985,4.82944318414547e-16
"LYG1","brown",0.541476812122573,1.13803686039107e-05,0.832513435650891,5.48300805999409e-16
"FGFR4","brown",0.510868538322586,4.17556247832891e-05,0.832474012988417,5.51618440320097e-16
"TULP3","brown",0.367504761721524,0.00454041078283643,0.831805397486787,6.10899233952716e-16
"HIST1H1C","brown",0.473914977665359,0.00017143578886198,0.831456325042921,6.44224031647922e-16
"UCN","brown",0.502530016293161,5.82550285340626e-05,0.831340573216593,6.5565352826881e-16
"AURKC","brown",0.536257572361995,1.43329117506661e-05,0.830452059856618,7.50081311566578e-16
"MT1X","brown",0.45685264245631,0.000312298893842867,0.82918993176672,9.06851034012462e-16
"AP001055.1","brown",0.504245026902236,5.44371893755337e-05,0.828291799390751,1.03701172358046e-15
"EBF4","brown",0.484071498651458,0.000118152627364739,0.828247341019137,1.04389843329326e-15
"MROH6","brown",0.578644629254857,1.9579696794489e-06,0.828155991931876,1.05818621393795e-15
"PSTPIP1","brown",0.467880269651388,0.000212710243700928,0.827784609199589,1.1182239773469e-15
"HIF3A","brown",0.657788850057002,2.02088619689774e-08,0.827036218920719,1.24925859244275e-15
"LOXL2","brown",0.43972637211447,0.000552942777982756,0.826095970018187,1.4347889278785e-15
"CXorf36","brown",0.471159375522547,0.000189276593898359,0.826082883274508,1.43754838591281e-15
"KCTD11","brown",0.397099670333133,0.00202615595107601,0.826046100175344,1.44533165279063e-15
"ARHGEF1","brown",0.408598073048702,0.00145111409496777,0.825222665769977,1.63050129091514e-15
"BNIPL","brown",0.525405394166676,2.28763539075342e-05,0.823061598678231,2.23066144006451e-15
"ARMC12","brown",0.603113078815797,5.43144156458018e-07,0.822916117941761,2.27787779529857e-15
"CARD14","brown",0.582180913511717,1.63725700494321e-06,0.822589011569264,2.3875575828655e-15
"TJP3","brown",0.604441780711019,5.05050689086423e-07,0.82228640943436,2.4935048425246e-15
"APOE","brown",0.451662292155553,0.000372512272539823,0.822088036159435,2.56538388142071e-15
"ARL6IP4","brown",0.631037576377817,1.0956252017757e-07,0.821195946333976,2.91385156626843e-15
"UNC13D","brown",0.386466771636354,0.00273061514103716,0.820656027546454,3.14627934513163e-15
"AC020907.1","brown",0.469005899672023,0.00020438304963307,0.820641838534287,3.15262041194918e-15
"SH3PXD2B","brown",0.414750666777963,0.001207841290912,0.820354249527801,3.2838095090211e-15
"ORAI1","brown",0.472829780375168,0.000178269570645415,0.820204513936873,3.35416504135932e-15
"TMEM255B","brown",0.410193537675172,0.0013841399174712,0.81987305485554,3.51506950516969e-15
"MAN2B1","brown",0.437394366360737,0.00059630795388938,0.819419454358023,3.74726890452112e-15
"BGLAP","brown",0.533982717517449,1.58299518864953e-05,0.818150008772313,4.47767468910782e-15
"PIDD","brown",0.530102137973689,1.87224898133341e-05,0.817390435950793,4.97784354020469e-15
"MKNK2","brown",0.626713135328639,1.41849639494056e-07,0.815873764387138,6.14095223965201e-15
"NPC1L1","brown",0.550360353443795,7.61642966961372e-06,0.813852961008698,8.09937908454625e-15
"CHRNA10","brown",0.585430001157638,1.3865227727864e-06,0.813238158651249,8.80516562454783e-15
"FAM189A2","brown",0.473778748333654,0.000172280306074975,0.811431342913345,1.12359538453849e-14
"PRAM1","brown",0.452688064938936,0.000359835700650926,0.811333718559148,1.13840837118367e-14
"ACACB","brown",0.43296657546111,0.000687212131523143,0.810985667281945,1.19275364951275e-14
"TAL1","brown",0.553217152536902,6.67727092498523e-06,0.810902013993283,1.20618028890526e-14
"CDKN2C","brown",0.472198084223202,0.000182361343851707,0.810595273081013,1.25666003214343e-14
"C1QTNF6","brown",0.466092152297913,0.000226577360846102,0.809388182139867,1.47562139359508e-14
"PTPRCAP","brown",0.469507685050278,0.000200767820847936,0.80907671199735,1.53778100334091e-14
"ASIC3","brown",0.476579363042941,0.000155661564205563,0.808428091956669,1.6753527832305e-14
"C10orf85","brown",0.582570812537696,1.6050741333457e-06,0.806351248773217,2.19945026438236e-14
"MMP23B","brown",0.544660846556133,9.86771710214553e-06,0.806129513676698,2.26386586015043e-14
"RP11-571M6.6","brown",0.459265838645517,0.00028744417682933,0.805364517962648,2.50022585071646e-14
"CNKSR1","brown",0.536073956195581,1.44486910828347e-05,0.80405516186205,2.96045232113655e-14
"MEX3A","brown",0.547164416569117,8.81188010526737e-06,0.803699790289239,3.09869514123519e-14
"ANKRD23","brown",0.473042185810482,0.000176912703742209,0.801977225797332,3.86088367092763e-14
"ATHL1","brown",0.495482111031162,7.66785461868883e-05,0.801792047229376,3.95274093524616e-14
"NBPF10","brown",0.550877930200001,7.43765317180543e-06,0.801722876181262,3.98758563818711e-14
"QRICH2","brown",0.575163877097524,2.33018860829709e-06,0.801081288129734,4.3250748872885e-14
"IL17RB","brown",0.600901982609904,6.12563572958759e-07,0.800449529301502,4.68394513470214e-14
"HLX","brown",0.546709118277132,8.99572213303841e-06,0.800058364580387,4.92021946679771e-14
"OXER1","brown",0.510654267073243,4.21190443733007e-05,0.798920619412201,5.67391152932223e-14
"LEAP2","brown",0.522679182699637,2.56631640208777e-05,0.798582410508618,5.91842950166556e-14
"ZNF358","brown",0.589076950314461,1.14804369121287e-06,0.795956181315015,8.19074317240824e-14
"RPS28","brown",0.409537021426199,0.00141135582221793,0.795927080547213,8.22006958867056e-14
"FXYD3","brown",0.43845063448268,0.000576298271664106,0.79572135373556,8.43027007457316e-14
"PER1","brown",0.546491207971953,9.08496605221227e-06,0.795687486628757,8.465361977868e-14
"MYO15B","brown",0.416148227822618,0.00115797205567995,0.795078030298641,9.12121403195719e-14
"ATP2A1","brown",0.359576252600903,0.00556753821477888,0.794845039827434,9.38453741550809e-14
"TGIF2","brown",0.527886153861894,2.05865391623829e-05,0.792787562659962,1.20469870636898e-13
"CTF1","brown",0.466670206641535,0.000222006730559591,0.792297667609046,1.27798278874378e-13
"SAMD11","brown",0.493323134361848,8.3312835299551e-05,0.791936091110134,1.33478108534482e-13
"FOXJ1","brown",0.574052721196343,2.46228061771642e-06,0.791029487085582,1.4879854391491e-13
"BCL2L12","brown",0.393843606372535,0.00222231671995554,0.790654324936346,1.55617342111742e-13
"CHDH","brown",0.450599378357457,0.000386074978142771,0.789777068243822,1.72745419980809e-13
"SUV420H2","brown",0.455599921579658,0.000325958724636997,0.789239829735774,1.84107911038993e-13
"FITM1","brown",0.564962156799934,3.8370449531721e-06,0.788732900138344,1.95480863422135e-13
"TMEM79","brown",0.421982492210673,0.000969177671467443,0.787932918300105,2.14803261312648e-13
"JUP","brown",0.387701967371027,0.00263889980102513,0.787628936277116,2.22612856120379e-13
"CTU1","brown",0.505677098909922,5.14273021044037e-05,0.786892268862583,2.42678376332737e-13
"METTL7B","brown",0.554779770787848,6.2103197268521e-06,0.786622137065279,2.50459894150978e-13
"MEF2BNB-MEF2B","brown",0.427548406769534,0.000815396628317925,0.786417274715167,2.56519407803578e-13
"EPHB4","brown",0.367759291188098,0.00451040600332523,0.784878498836279,3.06719957720666e-13
"MT3","brown",0.545581465956384,9.46650529540693e-06,0.784503708745375,3.20296487291126e-13
"OTOS","brown",0.595795605874339,8.05927639379506e-07,0.784045972589902,3.37656222671215e-13
"MARCH3","brown",0.482423736832001,0.000125607447047057,0.783888009907117,3.43852660822792e-13
"CBX2","brown",0.528689043959095,1.98921666532225e-05,0.783703813285067,3.51215220900028e-13
"CILP","brown",0.479601036839372,0.000139386899066192,0.782878915175177,3.86072713800901e-13
"OSGIN1","brown",0.378671090396684,0.00337765669391207,0.782588889636178,3.99094423523723e-13
"NUAK2","brown",0.342378229248291,0.00851985445911086,0.782134501459268,4.20341845312238e-13
"GPR37L1","brown",0.381162594739863,0.00315747101312074,0.781290985377684,4.62678530143636e-13
"HOMER3","brown",0.406389691712746,0.00154860979411593,0.781168777956771,4.69139701364024e-13
"BAZ1A","brown",0.354936121250294,0.00625885614223086,0.77931568609135,5.78310760728815e-13
"SLC7A9","brown",0.6303983642003,1.13854546330288e-07,0.778200630649381,6.55260772404194e-13
"FOXO4","brown",0.441291130549787,0.000525468566791523,0.77797317749917,6.72113381063451e-13
"RNF122","brown",0.442591229319892,0.000503589003916928,0.776972980312379,7.51251522936877e-13
"LTA","brown",0.435597575142099,0.00063179547021077,0.776917103162207,7.55925094595034e-13
"RPS6KA1","brown",0.410759530943794,0.00136105553862765,0.775424149453029,8.91573725058312e-13
"ADAMTS7","brown",0.298488970774815,0.0228524204032076,0.774839653329774,9.50759928986047e-13
"ABCC2","brown",0.437836588361742,0.000587855300201961,0.774439572483625,9.93412236657887e-13
"STON2","brown",0.503411763377569,5.62623789265901e-05,0.773863695393736,1.05802150824598e-12
"SLA2","brown",0.511439042887709,4.08020676291187e-05,0.773705986116841,1.07640248657795e-12
"SLC23A3","brown",0.461350935584541,0.000267435043028496,0.773544213691227,1.09557316029237e-12
"PRX","brown",0.59106833114404,1.03460705309505e-06,0.772893870961219,1.175977280676e-12
"NPC2","brown",0.407649670837121,0.00149228906837387,0.770760136451913,1.48117246326371e-12
"SLFNL1","brown",0.57828910748384,1.99327012949139e-06,0.770074705369252,1.59429213078289e-12
"RFPL3S","brown",0.479580227792459,0.000139493432979745,0.769901935922213,1.62407835654782e-12
"SRRM5","brown",0.42388712108478,0.000913840476111439,0.769849699540195,1.6331880841585e-12
"FAM132A","brown",0.518679326440783,3.03239257211966e-05,0.769288754271946,1.73413404993254e-12
"TMPRSS5","brown",0.433265530358132,0.000680701228174298,0.769011871609969,1.7861268730029e-12
"61E3.4.4","brown",0.376240762913387,0.00360542987135879,0.768589213372707,1.86836809184299e-12
"LGALS4","brown",0.378846827295987,0.0033616917379903,0.767628742059151,2.06888550834397e-12
"CRB2","brown",0.329584325963431,0.0115230862517136,0.766700035461805,2.28215846617333e-12
"TMEM150B","brown",0.443946638111055,0.000481661193473295,0.766506876302361,2.32907452811317e-12
"LMNA","brown",0.338432528321427,0.00936353454436539,0.766180312851479,2.41049040455023e-12
"SERTAD1","brown",0.525110964173225,2.3163235487485e-05,0.765706184663866,2.53353811774547e-12
"CCDC151","brown",0.627423453120031,1.35994704855392e-07,0.76550789931334,2.5867532645181e-12
"RCC1","brown",0.605277190351865,4.82398115870386e-07,0.764337956742582,2.92308321056373e-12
"SLC6A12","brown",0.664016522204974,1.33046581127589e-08,0.764021685583728,3.02092285429324e-12
"FLJ27365","brown",0.456421590662724,0.000316939171173231,0.763424548871225,3.21421910312309e-12
"CATSPERG","brown",0.414935040617092,0.00120115362662678,0.762725701306725,3.45540915783269e-12
"WFIKKN1","brown",0.416050355648275,0.00116140319077292,0.761414139688277,3.95535845117307e-12
"CGN","brown",0.428435366696985,0.000793037057028559,0.76124432139799,4.02491828154524e-12
"PHYHD1","brown",0.523904897068181,2.43734814614753e-05,0.760897119979684,4.17078062827361e-12
"ATAD3C","brown",0.493619398314107,8.23722421268592e-05,0.759919406859856,4.60907285320347e-12
"MT1M","brown",0.513676749361788,3.72526176112646e-05,0.759673536739981,4.72600668236862e-12
"FKBP5","brown",0.551330671091067,7.28447905629714e-06,0.758256217532112,5.45714224033808e-12
"DOCK1","brown",0.299257136517025,0.0224873608078841,0.758143169716557,5.51988098706573e-12
"PTH1R","brown",0.602194510587182,5.71036249664513e-07,0.7572879604682,6.01725692168557e-12
"SPR","brown",0.613190360225336,3.10288186864744e-07,0.757201758024469,6.06969363649015e-12
"HSD17B1","brown",0.472017343037398,0.000183547783036165,0.756242346610623,6.68345743368579e-12
"GZMM","brown",0.578811525635812,1.94160041372355e-06,0.754680451901445,7.81083781059942e-12
"C11orf35","brown",0.618021198837113,2.35595821283595e-07,0.754644573015111,7.83874957660991e-12
"APOBR","brown",0.440042747699422,0.000547285068580145,0.754183701778809,8.20583366316368e-12
"CFD","brown",0.563929384055008,4.03203390773498e-06,0.753777220624476,8.54312758678201e-12
"HIST1H4E","brown",0.384221986160276,0.0029045698468967,0.753720941937473,8.59085449863509e-12
"EFNA1","brown",0.350512095403674,0.00698683105899491,0.752556161488568,9.63755385728492e-12
"AL138781.1","brown",0.643950537248225,4.94558041988139e-08,0.752009217685933,1.01699283891267e-11
"MS4A14","brown",0.456794981053714,0.000312916014364295,0.74867531891134,1.40722449170493e-11
"FAM151A","brown",0.493053237206957,8.41783004368047e-05,0.747852546929681,1.52347334752366e-11
"NBEAL2","brown",0.558900468875143,5.12057662492649e-06,0.747686881518682,1.5479600371546e-11
"FBXW4","brown",0.431479493588155,0.00072044338838303,0.747281611704977,1.60945086734984e-11
"ZC3H12A","brown",0.510662823604702,4.21044761105289e-05,0.746359282183582,1.75817417194588e-11
"TGM1","brown",0.47702088714051,0.000153179769790055,0.746215079523035,1.78257697230346e-11
"TRAF1","brown",0.369827041350134,0.00427305819569798,0.745806539197092,1.85347469827841e-11
"CYP21A2","brown",0.409180941116066,0.00142631700721502,0.745568611237475,1.89599237485028e-11
"LRP5L","brown",0.402565393884214,0.00173140012180293,0.744605482474561,2.07777521221095e-11
"APLN","brown",0.365643308800984,0.0047652431314654,0.743783845419341,2.24584600990526e-11
"PDGFRL","brown",0.504911995670506,5.30157367281757e-05,0.742688041928074,2.49020844114472e-11
"CCDC17","brown",0.415392177685425,0.00118471550001965,0.740984901251895,2.92083602886535e-11
"HDAC10","brown",0.65691467597128,2.14134826096374e-08,0.740551754288969,3.04115661482083e-11
"LPIN3","brown",0.466801462346992,0.000220980700619175,0.740445709604552,3.07132430502918e-11
"AL359091.2","brown",0.352557487843975,0.00664154653185961,0.740149853292152,3.15700185813617e-11
"PTGDS","brown",0.407656121542652,0.00149200551000735,0.740020611359089,3.19513836603758e-11
"MT1F","brown",0.539152275879403,1.26176797864191e-05,0.738953362173356,3.52724627386669e-11
"CYP2S1","brown",0.507501296332895,4.7815400430175e-05,0.738302790015635,3.74552859672601e-11
"CTC-360G5.1","brown",0.495325104608262,7.71441135720328e-05,0.737715508517038,3.95355474689694e-11
"GPR56","brown",0.49458876060012,7.93624572877485e-05,0.737268566021923,4.11918373252339e-11
"SNAI1","brown",0.407174726205344,0.00151329970955826,0.736985147149187,4.22760985509019e-11
"S100A2","brown",0.443129887409177,0.000494768449877821,0.736479429092223,4.42785403655372e-11
"NHSL1","brown",0.475116919544153,0.000164147125121864,0.736169456989103,4.5550140824897e-11
"PMFBP1","brown",0.324243375665751,0.0130246305541226,0.735707475501798,4.75099467836634e-11
"CRYAA","brown",0.409040219398308,0.00143226871401088,0.735061322862728,5.03859185593820e-11
"C4orf48","brown",0.364882184913185,0.0048599608986447,0.734323703966209,5.38712248345743e-11
"TMEM102","brown",0.396991534905076,0.002032413868415,0.733905563717074,5.59475239756694e-11
"LIME1","brown",0.540211234229028,1.20393003495175e-05,0.733811414164101,5.64254095998938e-11
"MT1E","brown",0.512490878526642,3.90964857638581e-05,0.733495526199838,5.80573079532123e-11
"CYP2J2","brown",0.34058414010511,0.00889490099316838,0.733455592094513,5.82667761733919e-11
"ACAP1","brown",0.350651581509214,0.0069627957062316,0.733384925421978,5.8639208958041e-11
"LSMEM1","brown",0.560639518680945,4.71647494349214e-06,0.732745550636804,6.21133175251471e-11
"CAPS","brown",0.431191316895757,0.000727048658828909,0.73202458786366,6.62652650943486e-11
"CXorf67","brown",0.677847083694008,5.0718321405949e-09,0.730195478651789,7.80149867069811e-11
"MYH3","brown",0.317518480139502,0.0151522048015388,0.72996237717352,7.96473623549597e-11
"MTRNR2L9","brown",0.457788983847224,0.000302431592535461,0.72909486336847,8.60122107712511e-11
"C19orf35","brown",0.362074959115312,0.00522378410592919,0.729092137940533,8.60329481300114e-11
"C16orf89","brown",0.477424208655565,0.000150944424337638,0.72850267726084,9.06314513770313e-11
"TPD52L1","brown",0.52106364649239,2.74595052118766e-05,0.728349788743838,9.18617683445728e-11
"HEY2","brown",0.343207707656119,0.00835115683143647,0.726173606618411,1.11188994264384e-10
"GAREML","brown",0.580993093463002,1.73905802881075e-06,0.725602607298607,1.16866573280336e-10
"NUP210L","brown",0.518449645620568,3.06139592213144e-05,0.725365303071028,1.19306243967825e-10
"NPIPL1","brown",0.485000889957392,0.00011412904815516,0.724928666892852,1.23922137502241e-10
"ACRC","brown",0.547317906266515,8.75069455389759e-06,0.723488556008859,1.40378552435953e-10
"AMN","brown",0.49243546211331,8.6190478312925e-05,0.722048035390495,1.58902592285128e-10
"METTL7A","brown",0.488324811642168,0.000100745532187832,0.721640961590411,1.64544032637614e-10
"MVP","brown",0.242413235020731,0.0667390447314374,0.721370967934883,1.6839009892858e-10
"CNTD2","brown",0.586787417907306,1.29280976777703e-06,0.721092829639993,1.72441370686738e-10
"ADAT3","brown",0.346994231141068,0.00761745227981526,0.720030494495832,1.88783236933289e-10
"C19orf38","brown",0.366155701188257,0.00470239754363061,0.719544166119569,1.96745548283753e-10
"EDA","brown",0.424739014872386,0.00089002445332782,0.718543990279551,2.14134076881649e-10
"PRDM16","brown",0.519381898236287,2.94524304415247e-05,0.718325392413581,2.18124098969797e-10
"HSPA1A","brown",0.533350787733303,1.62708256664361e-05,0.718103558732902,2.22245279856749e-10
"ST6GALNAC2","brown",0.406870468374436,0.00152689839628776,0.717101649041558,2.41796990105662e-10
"FAM181A","brown",0.439162522582691,0.000563157565106118,0.717008116849236,2.43703283304968e-10
"ERAS","brown",0.508325867718402,4.62607943603544e-05,0.716555221703974,2.53137346372907e-10
"CPQ","brown",0.392463449131908,0.00231045073347914,0.715856346524174,2.68378435144264e-10
"TCF15","brown",0.531854446084414,1.73605424117758e-05,0.715668432055887,2.72622714260007e-10
"SH2B2","brown",0.469533204573623,0.000200585530538019,0.714623378078484,2.97413273094056e-10
"AZGP1","brown",0.404064432568016,0.00165756877021173,0.712475318654338,3.55247032533317e-10
"SLC4A11","brown",0.545176926209439,9.64090239432656e-06,0.712163002875375,3.64495762566227e-10
"SH2D6","brown",0.480556033425479,0.000134577157148808,0.711340005133891,3.89974271936005e-10
"GATSL3","brown",0.589046859054137,1.14984380813461e-06,0.710825983715874,4.06735147299438e-10
"PDK4","brown",0.358485090728407,0.0057237771112196,0.710525853373006,4.16835285030873e-10
"AHSA2","brown",0.364044471782686,0.0049661214681823,0.708017738788213,5.11053563974523e-10
"ISG20","brown",0.320090816345778,0.0143056284116358,0.707727215074783,5.2318854644311e-10
"DNHD1","brown",0.337024854993392,0.00968160052160832,0.706987127269195,5.55348439069897e-10
"FZD9","brown",0.591358979728805,1.01895617626031e-06,0.705519058994265,6.24772048222445e-10
"LAMA1","brown",0.26961432641473,0.0406880903777785,0.705251569697666,6.3827676163269e-10
"PPAPDC1A","brown",0.314842756407666,0.016077989460188,0.704716955296121,6.66101691012191e-10
"SOX9","brown",0.426999610014723,0.000829514702726979,0.704354643366637,6.85608564033921e-10
"SLC25A48","brown",0.547546121038171,8.6604509042925e-06,0.70402001688479,7.04104969943462e-10
"ACRBP","brown",0.404562968726539,0.00163364653337022,0.702999973533312,7.63451128743784e-10
"DDIT4L","brown",0.445963571205545,0.000450631883717583,0.702714010765045,7.80921108594005e-10
"MCM5","brown",0.24226594818921,0.0669098739527041,0.702443068633794,7.97822570594091e-10
"HIST1H2AC","brown",0.404915711008792,0.00161690738956392,0.701674825959487,8.47651739078435e-10
"CDKN2A","brown",0.378776016811429,0.00336811651401389,0.699432094850273,1.01054584646824e-09
"SLC5A9","brown",0.347869613847408,0.0074560609135829,0.698984272085087,1.04644305017998e-09
"TBX19","brown",0.438578183704398,0.000573923620246969,0.698833896730723,1.05876571070722e-09
"RGCC","brown",0.423663475434673,0.000920187296828184,0.697971127804453,1.13216705496123e-09
"CNTFR","brown",0.524815317775234,2.3454649120864e-05,0.697919457454009,1.13671262298394e-09
"TSSK6","brown",0.397577986482391,0.00199868105400931,0.69532444180542,1.38860701720487e-09
"SLC25A41","brown",0.55550260502395,6.00476142638982e-06,0.694625639520243,1.46498322546271e-09
"EZR","brown",0.512498791254526,3.90839082188657e-05,0.694382500248617,1.49247817886668e-09
"NFATC3","brown",0.236471998281025,0.073912500893917,0.690978023306276,1.93266088762427e-09
"AGT","brown",0.297923991723114,0.023124104056159,0.690369363471866,2.02331170631588e-09
"PLIN1","brown",0.369522930117029,0.00430725963496516,0.690117442639772,2.06199735728528e-09
"PILRA","brown",0.376007786356555,0.00362796256600911,0.689878760110972,2.09929542300212e-09
"C10orf105","brown",0.355263442870348,0.00620773584019149,0.687839289527962,2.44510308677145e-09
"ZAP70","brown",0.425408436523883,0.000871703969912301,0.685584337341468,2.88999239990755e-09
"IGFALS","brown",0.344756464837578,0.00804394183018262,0.684524982645156,3.12450034682468e-09
"ZNF423","brown",0.471491892781266,0.000187037192467228,0.684350834388663,3.1647342782943e-09
"SFTPC","brown",0.396058046123757,0.00208715723690884,0.683700760760191,3.31929620173872e-09
"HIST2H2BE","brown",0.306915174328913,0.0191098899479174,0.682775942460876,3.55153420848e-09
"P2RX7","brown",0.315168399763412,0.0159627945903441,0.681864043726607,3.79552225353407e-09
"ARSI","brown",0.308815279942083,0.0183421055245685,0.681196263168704,3.98416296690853e-09
"TK1","brown",0.305421060166932,0.0197326627361798,0.680900981885804,4.07037476767466e-09
"LCNL1","brown",0.518133623177163,3.10172136750505e-05,0.680557877960226,4.17276561996901e-09
"NTN5","brown",0.228645659258364,0.0842830825804697,0.679661247803596,4.45196979359989e-09
"CLEC18A","brown",0.462457628293251,0.000257338768450422,0.678856824415322,4.71741721972407e-09
"MLC1","brown",0.455252421703503,0.00032984308429939,0.678336667414175,4.89695693169611e-09
"PLA2G4B","brown",0.480037315630164,0.000137170419760961,0.67798759584851,5.02104727815263e-09
"MT-ND5","brown",0.409665409437092,0.00140599604837251,0.677590053768103,5.16598919698432e-09
"SDC4","brown",0.423903886310985,0.000913366290757402,0.676638354886662,5.52921594893806e-09
"MT1G","brown",0.471283588172943,0.00018843720792505,0.676026190242797,5.77547893579068e-09
"HSPB6","brown",0.319353507812781,0.0145440282823684,0.675467818194037,6.00911457660147e-09
"ACP5","brown",0.31699729918315,0.0153288605554734,0.673815861395102,6.75377801533695e-09
"DOK3","brown",0.486831318811198,0.000106569834621499,0.673324355432322,6.9916568611927e-09
"MT-ND4L","brown",0.33349974749785,0.0105195162514335,0.672413184973028,7.45374204689236e-09
"FAM129C","brown",0.47339604640172,0.000174673166551248,0.671197563940002,8.11529926166484e-09
"MTRNR2L2","brown",0.256615431376379,0.0518377426582291,0.670932021125082,8.26701606232578e-09
"MYL3","brown",0.338070225409071,0.00944451834192074,0.670401106496572,8.57842581294722e-09
"ALDH16A1","brown",0.370812711530999,0.00416384693941529,0.668971709320342,9.47287227675751e-09
"APOA1","brown",0.474055374201834,0.000170569402137929,0.668860458806788,9.54606333713565e-09
"DRD4","brown",0.332591026109722,0.0107454306730376,0.666974069506397,1.08714572070836e-08
"ABCA7","brown",0.523906026566773,2.43723211779456e-05,0.66534642261003,1.21529733920674e-08
"ZGLP1","brown",0.618728086598298,2.26202692172839e-07,0.664448952519627,1.29193220210046e-08
"RP11-59H1.3","brown",0.316701563844739,0.0154298830337857,0.664154869099437,1.31802126339936e-08
"CCNA2","brown",0.440636749716161,0.000536804079922942,0.662952012479246,1.43000035157878e-08
"MT-ND6","brown",0.486737741749915,0.000106944854933572,0.662639890854411,1.46049214066038e-08
"ADRA2B","brown",0.358334535312218,0.0057456336827942,0.661807216417678,1.5448694831993e-08
"SLC25A18","brown",0.462461888534615,0.000257300583515582,0.660744815848041,1.65921785354948e-08
"NUTMG","brown",0.332544197550791,0.0107571853990354,0.659999473105916,1.7441603778173e-08
"MYBPHL","brown",0.351745252166966,0.00677683203201765,0.659498028681115,1.80359935093471e-08
"SLC16A9","brown",0.445599433188134,0.000456096034712001,0.659484784756917,1.80519484553752e-08
"DUOX2","brown",0.364236945139581,0.00494155111305177,0.659309197597748,1.8264741393879e-08
"NGFR","brown",0.309406335665494,0.0181086977689206,0.657208504268739,2.10012201671074e-08
"CCDC36","brown",0.480235168339468,0.000136175927461901,0.656106840425193,2.25866531495721e-08
"ODF3L2","brown",0.348932633952856,0.00726409271564194,0.655921837982528,2.28637264905494e-08
"GADD45G","brown",0.492506435948079,8.59570803088632e-05,0.655842037687533,2.29842286670405e-08
"MT-ND4","brown",0.375996661264101,0.0036290416563167,0.655096290671252,2.41396795234198e-08
"COL16A1","brown",0.370928609445217,0.00415116883119872,0.655044820834665,2.4221415153955e-08
"EDA2R","brown",0.182412412078686,0.170530890220874,0.654495089810174,2.51108476184571e-08
"CDK3","brown",0.373951657518152,0.00383228808270044,0.654438585823065,2.52039938519288e-08
"PLK5","brown",0.556532044247258,5.7229220568246e-06,0.654304320091993,2.54266387810971e-08
"ANXA2R","brown",0.38638670037504,0.00273665716715839,0.652714610156591,2.82077838295535e-08
"CCDC114","brown",0.357337856344067,0.00589217988177633,0.652559459485449,2.84940680468792e-08
"ALDH4A1","brown",0.418344663204951,0.00108332907829142,0.651499395518816,3.05246802658659e-08
"AL049840.1","brown",0.364745711882844,0.00487711829083289,0.65142638173676,3.0669451539528e-08
"RDH16","brown",0.33618157380141,0.00987659419986282,0.651031914622072,3.14628644809026e-08
"PLIN5","brown",0.538089521625801,1.32239656394492e-05,0.650717310027392,3.21094793771526e-08
"PYGM","brown",0.452804156840127,0.000358426025317514,0.649694891394133,3.4298506068365e-08
"ANP32B","brown",0.315454856903439,0.0158620460055423,0.646069581276592,4.32486794199402e-08
"C8orf12","brown",0.414265767554863,0.00122558968649174,0.646025802384395,4.33691313172457e-08
"HSPA1B","brown",0.514605266561012,3.58653096896859e-05,0.642773725085414,5.32561641369017e-08
"SPP1","brown",0.217081590529779,0.101664060517921,0.642416114086506,5.44644678733526e-08
"FAM114A1","brown",0.206857934151335,0.119234887997548,0.641753243137607,5.67727979554515e-08
"FUT7","brown",0.389446477801022,0.00251403368915336,0.641347798515268,5.82297865483406e-08
"GUCA1B","brown",0.332026128132566,0.0108879730728205,0.638439658907675,6.97604305297895e-08
"FLJ00418","brown",0.383304619225203,0.00297844510835656,0.637903361422288,7.21089548116124e-08
"MT-CYB","brown",0.335509629808338,0.0100343970390574,0.637390590322525,7.44239105759867e-08
"CELSR1","brown",0.553125950469116,6.70550846553482e-06,0.637046102780445,7.60182376813057e-08
"CDR1","brown",0.257233743724908,0.0512562537889688,0.635471924194703,8.37216842046308e-08
"TMPRSS6","brown",0.389237287294473,0.00252872409657332,0.632839867439002,9.82659900755921e-08
"TIAF1","brown",0.287827958859021,0.0284584949913666,0.632137347851094,1.02532246285588e-07
"SSC5D","brown",0.431399315586694,0.000722275674382246,0.632015364857885,1.03290555047471e-07
"HAAO","brown",0.349629971744448,0.00714051840204529,0.631931896650973,1.03812473721231e-07
"FZD8","brown",0.537376111820992,1.36459973535296e-05,0.630952829306884,1.10122673913182e-07
"GPC2","brown",0.312006384472941,0.0171117521099131,0.63081825782587,1.11017692178171e-07
"CCDC81","brown",0.376443550469206,0.00358591783297548,0.630626020454887,1.12308116759513e-07
"PPP1R3G","brown",0.518303825760349,3.07994240220581e-05,0.626546300821399,1.43258768848455e-07
"FOXO6","brown",0.34841705773993,0.00735665370689107,0.626452587508032,1.44056059646955e-07
"CREB3L2","brown",0.207691382997286,0.117721140039311,0.626013601593827,1.47846715057368e-07
"AC135048.1","brown",0.472660397401019,0.000179358419194345,0.62559786850716,1.51522879929874e-07
"HIGD1B","brown",0.59687340835685,7.60886168223636e-07,0.624736232593285,1.59417358613401e-07
"MARVELD3","brown",0.40173338252633,0.00177363584713435,0.624358554356147,1.6299821948695e-07
"TFAP2C","brown",0.54475612246839,9.82547425811275e-06,0.624291975507175,1.63637257300235e-07
"MT-ND1","brown",0.332210951908281,0.0108411570580565,0.624182154251291,1.64696493980457e-07
"SRPX","brown",0.303317388095854,0.0206386787576928,0.624122257528866,1.65276916654758e-07
"CXCR4","brown",0.463120206740877,0.000251461727344511,0.623380573223227,1.72625303007743e-07
"ZNF90","brown",0.294575500959107,0.0247909223511393,0.622638085375465,1.80288440058771e-07
"DUSP9","brown",0.483395142933712,0.000121162081643596,0.621067979187679,1.97558603849353e-07
"HSD17B7","brown",0.413255428040875,0.0012633250153369,0.621057134849291,1.97683117048592e-07
"SERPINA5","brown",0.372372251939281,0.00399607981946,0.619477356449866,2.16631129783491e-07
"SERHL2","brown",0.336061326533202,0.00990467465481373,0.618782959253323,2.25488456170128e-07
"ETV2","brown",0.422935662948876,0.000941117788183036,0.617458030902471,2.43340127706096e-07
"GRIN2C","brown",0.364415231173739,0.00491888733132562,0.616391488792409,2.5866595926544e-07
"PROM2","brown",0.243755661446667,0.0651980975225301,0.616275341251996,2.60388617350788e-07
"AP000769.1","brown",0.318483752056635,0.0148296267011897,0.615260707086562,2.75902215728951e-07
"P4HA1","brown",0.378648636305718,0.00337970138379571,0.614724270059294,2.84450916477484e-07
"SALL3","brown",0.487374812433734,0.000104415479926582,0.614161940764935,2.93678842959985e-07
"ADCY10","brown",0.47802647080048,0.000147662037371066,0.613533188145037,3.04329315031824e-07
"FGF17","brown",0.579322887043153,1.89223825271028e-06,0.613483838852593,3.05180411177902e-07
"EPS8L1","brown",0.485448677076532,0.000112235676464965,0.613271629759381,3.08865774868872e-07
"SOWAHD","brown",0.434659967560141,0.000651062602814424,0.61180584566622,3.35485585202806e-07
"PIR","brown",0.141676590904819,0.288757530207053,0.610217636908985,3.66751504986521e-07
"APOD","brown",0.334244032235725,0.0103375551170055,0.608578162725602,4.0188086364066e-07
"SDR42E2","brown",0.444437970548282,0.000473928817191471,0.608469083229757,4.04326715416781e-07
"CPAMD8","brown",0.420830401603293,0.00100409802653645,0.607057303587318,4.3726907984976e-07
"MTRNR2L12","brown",0.225405862294258,0.0888977226233934,0.606479966448226,4.51452480240116e-07
"A2ML1","brown",0.483369408655276,0.000121277962536583,0.60491304927786,4.92152265052677e-07
"NTSR2","brown",0.364579141890888,0.00489813168691024,0.604662710598365,4.98964963423736e-07
"H2AFJ","brown",0.222798648811732,0.0927532452481563,0.603859348037838,5.21429616323215e-07
"ZBTB20","brown",0.183085121130712,0.168932726052155,0.603519236684299,5.31223040984832e-07
"OR2H2","brown",0.544984019150949,9.72511129711758e-06,0.601733288135291,5.85542166577544e-07
"KCNK7","brown",0.342669124046292,0.00846035845439555,0.601168388461603,6.03779418500169e-07
"TNFSF13","brown",0.328391885992962,0.0118446933316,0.597344141599327,7.41963524638323e-07
"FAM186A","brown",0.514361016695527,3.62255460605147e-05,0.597289839012901,7.44123681380936e-07
"ALDH3B1","brown",0.244587829282831,0.0642572888997706,0.596435015844815,7.78914407006039e-07
"ELN","brown",0.268523395524892,0.0415405249235926,0.59619634158775,7.88896950064697e-07
"MT-ATP8","brown",0.295373501567794,0.0243847742738906,0.595895737879567,8.01640199450217e-07
"NWD1","brown",0.457201176636727,0.000308592245443865,0.595800207761689,8.0573012647375e-07
"OTX1","brown",0.455545437375349,0.000326564984467763,0.593887139029648,8.9186481686858e-07
"KCNN3","brown",0.27998452693745,0.033282641173285,0.593760362125376,8.97867097406379e-07
"OR7A5","brown",0.521862352907644,2.65573628055587e-05,0.592628360474056,9.53163846557709e-07
"IQGAP1","brown",0.177807904714682,0.181766636380655,0.592519005670286,9.58671242040322e-07
"ADAM33","brown",0.650965813536389,3.15976961267032e-08,0.591743096846158,9.98611962490687e-07
"RP11-81K2.1","brown",0.423569622212005,0.00092286256298815,0.590453841080043,1.06843972316246e-06
"KLKB1","brown",0.449697801961869,0.000397929169941824,0.588811948233088,1.16398766934986e-06
"CLCF1","brown",0.506725220942683,4.93224393070888e-05,0.588725529828846,1.1692317058091e-06
"RAI14","brown",0.173449333340036,0.192885607094848,0.587431312851474,1.25045935907796e-06
"FAM71F2","brown",0.297228081135535,0.0234624948789478,0.586169300404431,1.33472346865471e-06
"ESPN","brown",0.433324827344434,0.000679416453962023,0.585267639741575,1.39814764450277e-06
"KRTAP5-8","brown",0.497582678864973,7.06933226766946e-05,0.581050184340811,1.73403279570154e-06
"DDX11","brown",0.300530160433779,0.0218932344880871,0.581011399288066,1.73744523968464e-06
"MYBPH","brown",0.239726936944065,0.0699101563800494,0.579646094352124,1.8616461178837e-06
"TSPAN11","brown",0.322481148020058,0.0135556599117534,0.576120339969871,2.22181516898747e-06
"ADM5","brown",0.393916012761662,0.00221777686036729,0.575316647249713,2.31255388281681e-06
"ADAM12","brown",0.176294671197671,0.185573287935211,0.574404661641657,2.4197048186829e-06
"CCDC11","brown",0.268175071369882,0.0418157777432722,0.573979305889901,2.4712496896857e-06
"DNAJB1","brown",0.48399383088751,0.000118494692907893,0.57396947768738,2.4724527028564e-06
"HES7","brown",0.523091712481276,2.5222221263361e-05,0.572920600133308,2.60402876414685e-06
"ABCA1","brown",0.358904178521699,0.00566332054138864,0.570875451521531,2.87957902340433e-06
"PTRF","brown",0.193161117885219,0.146287822446851,0.570776822327987,2.89353173312304e-06
"GHRL","brown",0.337448746456414,0.00958485024680579,0.567172080993816,3.4489598043413e-06
"AMH","brown",0.47043117396387,0.000194266662543174,0.566785025580936,3.51417217735605e-06
"MT-ND2","brown",0.32672087383544,0.0123083857699516,0.566084961252106,3.63505041146532e-06
"TFCP2L1","brown",0.434514145289617,0.000654106438266989,0.565736799946318,3.69659932553323e-06
"ZMYND10","brown",0.379735210105863,0.00328200449559726,0.565203809045755,3.79270758059125e-06
"GNB3","brown",0.478450382666576,0.000145391012761694,0.564460922969075,3.93055386778903e-06
"COL18A1","brown",0.216917170438011,0.101929806550462,0.5641875916413,3.98243645078927e-06
"AL137145.1","brown",0.182301421889637,0.170795626694368,0.563881833354372,4.04123014979462e-06
"ADORA2A","brown",0.417198561224841,0.00112171966901054,0.563047559493602,4.20579166772243e-06
"LRRC71","brown",0.229018199690593,0.0837647717582472,0.561187716023669,4.59538147641395e-06
"EEF1G","brown",0.364317876116122,0.00493125177870465,0.559116330985474,5.06872049109714e-06
"GLIS1","brown",0.47646359240514,0.000156318370362255,0.557502057555855,5.46866493452641e-06
"ITGAX","brown",0.38550241358171,0.00280417814516518,0.556939995739092,5.61467916471126e-06
"LDLR","brown",0.295155625050303,0.0244951033614366,0.556776021657394,5.65795575068574e-06
"ADAMTSL5","brown",0.431646686973089,0.000716636068196,0.554035581077374,6.42877743203394e-06
"FTCD","brown",0.387534491095989,0.00265117248898906,0.552793031828021,6.80953067124778e-06
"G0S2","brown",0.491514057850718,8.92738461531381e-05,0.552359078722814,6.94737561048144e-06
"LRRC69","brown",0.390192181645025,0.00246228248112051,0.550779752899899,7.4712618543138e-06
"ACSM1","brown",0.459546454289963,0.000284674144010967,0.548107623328365,8.4420829942208e-06
"CYP39A1","brown",0.434827725748947,0.000647576737947712,0.546195120761791,9.20754551615021e-06
"SPATC1","brown",0.312707785456204,0.0168509752784791,0.544894029301988,9.76462742869295e-06
"GLI3","brown",0.385410815041734,0.00281125616748987,0.54335554062123,1.04637033924972e-05
"TMIGD2","brown",0.433378528181076,0.000678254822557343,0.54306100237288,1.06027288868729e-05
"SLC14A1","brown",0.337264548141159,0.00962678871485328,0.54205926205301,1.10885030188107e-05
"MUC4","brown",0.371517708622532,0.00408725233864187,0.541136830819108,1.15540130898048e-05
"KIAA0101","brown",0.394766422768358,0.00216507181566454,0.540311072493766,1.19860597541416e-05
"TMEM31","brown",0.450917825518733,0.0003819652644983,0.539378272353903,1.24921237050316e-05
"HSD11B2","brown",0.494682454756426,7.90769698186576e-05,0.539202751662434,1.25895359976104e-05
"KRTAP5-1","brown",0.300063844215155,0.0221093056674372,0.538498382409282,1.29875873079089e-05
"COL5A3","brown",0.528276944407273,2.02458113544428e-05,0.537871796727707,1.33514634098566e-05
"CALML6","brown",0.484782265956225,0.000115064057116186,0.536830927338827,1.39768967158245e-05
"C9orf84","brown",0.325483410319655,0.0126617762700243,0.536289425105758,1.4312914765813e-05
"NAGS","brown",0.488774974731636,9.90481903982691e-05,0.535428804634358,1.48624048220541e-05
"PHF16","brown",0.207874201404781,0.117391067586533,0.535213502216297,1.50028973455132e-05
"C4orf47","brown",0.303161100782095,0.0207073746287551,0.535169687173959,1.5031638597842e-05
"CRYBB2","brown",0.404657037963728,0.0016291674419228,0.534932143153621,1.51883504765897e-05
"GAS1","brown",0.432808490951394,0.000690677744587024,0.533103458068621,1.6446456220064e-05
"ANKRD9","brown",0.276672916142633,0.0355146036821465,0.530685092451021,1.82587849213576e-05
"PLXDC2","brown",0.190487581639096,0.152063128573925,0.530281885928077,1.85783609359994e-05
"GLI1","brown",0.512424918771655,3.92014764599664e-05,0.52710314822033,2.12852695063633e-05
"POU5F1","brown",0.371745313108719,0.00406279120296219,0.526859794501714,2.15068628525804e-05
"NR1D1","brown",0.455374486998204,0.000328473861916505,0.525959931755358,2.23449425159086e-05
"NRIP2","brown",0.277409788329022,0.0350075117410231,0.525943383968116,2.23606333958906e-05
"RP11-433C9.2","brown",0.475385050347701,0.000162560343785264,0.523317711546774,2.49836382740888e-05
"RRAD","brown",0.303247677607438,0.0206692959874475,0.517699816265399,3.15787615027468e-05
"HAP1","brown",0.326201059990686,0.0124557833412936,0.51757920253886,3.17365524068301e-05
"HPR","brown",0.437071991467615,0.000602539020803819,0.517389503065298,3.19861981560751e-05
"PRDM6","brown",0.307323859599321,0.018942483149595,0.515789028046495,3.41658177190942e-05
"SFN","brown",0.229113684045249,0.0836323306382745,0.515773399083553,3.41877627258134e-05
"PPP1R1B","brown",0.354007858011339,0.00640584045529333,0.513765875019429,3.71173357213964e-05
"SBSN","brown",0.232143456421679,0.0795149039785287,0.512558573217514,3.89890034250253e-05
"BIRC5","brown",0.351128285423445,0.0068811976074282,0.512283682451669,3.9427163546637e-05
"MYOZ1","brown",0.170786267904498,0.199914002168666,0.510851289390337,4.17847727895367e-05
"ATP11C","brown",0.228225393203593,0.0848708208282476,0.509984200143115,4.32744444651976e-05
"BAMBI","brown",0.245689320515224,0.0630287972862554,0.509674863133066,4.38176397600045e-05
"CCDC163P","brown",0.195199172069103,0.141996152268128,0.506477064123281,4.981349032093e-05
"BTN3A2","brown",0.293044334386281,0.0255861913314676,0.505563967361136,5.16593780506027e-05
"OR13J1","brown",0.332308319421267,0.010816563860952,0.505249619678584,5.23093016478572e-05
"RPSAP58","brown",0.209945011709212,0.113701461000697,0.502857533967914,5.75074087833019e-05
"TNS3","brown",0.352298888009873,0.0066843601701982,0.502126811692633,5.91877092384813e-05
"MYL7","brown",0.437542666831812,0.000593461147521956,0.501695171084948,6.02013937933206e-05
"FLCN.1","brown",0.199548932726397,0.13315224729986,0.501159722726615,6.14810770342242e-05
"DCST2","brown",0.23399470828149,0.0770790761935501,0.500812384286397,6.23245341207191e-05
"PPEF2","brown",0.329266427423125,0.0116080793412379,0.500578524798486,6.28984125105881e-05
"GAS2L2","brown",0.389349864125595,0.00252080892311067,0.500396621316228,6.33481529977639e-05
"LILRA4","brown",0.38210123354444,0.00307787959625236,0.500128676919311,6.40160161345959e-05
"SYPL2","brown",0.363120593063595,0.00508556208247708,0.499439259046315,6.57643262525505e-05
"ITGB1BP2","brown",0.195802692448878,0.140743515273309,0.491187622416807,9.03903107845435e-05
"GPR143","brown",0.264761325484486,0.0445937018877278,0.48885776209242,9.87389134645854e-05
"ESRP2","brown",0.23208454336757,0.0795934082416923,0.487900197001958,0.000102370974650333
"RP1-130H16.18","brown",0.41389182233507,0.00123943654487693,0.48707174062303,0.0001056118445758
"RP11-419C5.2","brown",0.315883160714127,0.0157124240655812,0.484417796025143,0.000116638451917743
"PRODH","brown",0.385086612449651,0.00283643567686495,0.484209370238437,0.00011754764097458
"KCNK12","brown",0.307097161708355,0.019035189025967,0.483593172258648,0.00012027375080863
"CD72","brown",0.120435433198593,0.367840246891178,0.48234662620457,0.00012596664958195
"DERL3","brown",0.357234752665634,0.0059075251037829,0.480934737887336,0.000132712329197219
"ACSBG1","brown",0.196213446964368,0.139895713177991,0.480859244666767,0.000133082174525101
"IZUMO1","brown",0.582422672190303,1.61723157717706e-06,0.479091607768918,0.000142016509290864
"HIST1H2AE","brown",0.194151101970418,0.144191240848543,0.478022899571861,0.000147681306746162
"SH2D7","brown",0.354540833056144,0.00632108239834487,0.477143243529749,0.000152498447392118
"SPTBN5","brown",0.375798044780589,0.00364835451677624,0.475463695101051,0.000162097598607145
"FOXD4","brown",0.413766341143229,0.00124411439174824,0.474305250053151,0.00016903732050779
"IL20RB","brown",0.275300762985607,0.0364751232133458,0.473349501353551,0.000174966255531837
"TPSD1","brown",0.349881771508387,0.00709635057144324,0.472184731750948,0.000182448752998399
"TUBA1C","brown",0.360081715355492,0.0054964406732222,0.471924360375305,0.000184160894428136
"ASB4","brown",0.217600419153045,0.100829014920485,0.4712439236181,0.000188704876670559
"HP","brown",0.42578408425793,0.00086157300826944,0.470229860110237,0.000195667241650552
"BEST3","brown",0.148013080615289,0.267509406506908,0.469233678305884,0.000202734658122563
"C1QL4","brown",0.414683091982311,0.00121030074994055,0.468576179083971,0.000207526239818435
"HGFAC","brown",0.404287011285105,0.00164684987016851,0.466359694082861,0.000224451356138107
"SLC16A13","brown",0.329245881253078,0.0116135911152578,0.465420955253925,0.000231992145981375
"RIBC1","brown",0.169286053813909,0.203952576980029,0.459998936424414,0.00028025876702735
"AL117190.3","brown",0.275804897904095,0.0361197516829413,0.459655678091078,0.000283602559228856
"RCVRN","brown",0.327416614100724,0.0121134567301111,0.45854558358681,0.000294666795027678
"RAB25","brown",0.277776189041831,0.0347576136745824,0.458422133726016,0.000295921201006109
"ATP8B3","brown",0.211609250742203,0.110801183274393,0.457741358419013,0.000302926539588947
"C10orf111","brown",0.443269435262486,0.000492506315786581,0.456418923977491,0.000316968072410421
"SCXA","brown",0.431018266913991,0.000731041366589583,0.45476235067957,0.000335392727964871
"LCN12","brown",0.314402957786146,0.0162346940443977,0.453052441093953,0.000355428014687134
"ZNF490","brown",0.215823995829427,0.103710364298505,0.452920269101988,0.000357021128654806
"MFAP5","brown",0.340709694660798,0.00886819527742682,0.451737608019456,0.000371567883607709
"VAX2","brown",0.334567189226142,0.010259402707611,0.449257481434115,0.000403838009631343
"TMEM110-MUSTN1","brown",0.176752089700265,0.184416619771997,0.448419857615958,0.000415298983926503
"ADAMTS2","brown",0.421095952266688,0.000995950105932529,0.444378546135843,0.000474857987692553
"CCDC173","brown",0.253082637617256,0.0552639445035667,0.43911895053936,0.000563953993511183
"ZNRF3","brown",0.360160262813498,0.00548546418172153,0.435938629566103,0.000624916033698341
"VWA3B","brown",0.235713582937845,0.0748707515473375,0.431592660443411,0.000717864364761594
"DNAH11","brown",0.217457452024873,0.101058585478743,0.430897959663197,0.000733828826266655
"AC139100.2","brown",0.354740528511456,0.00628957897726961,0.430373075937764,0.000746102799373267
"AP000350.4","brown",0.159857917343078,0.230657801559089,0.430209703387848,0.000749960798262351
"COL4A6","brown",0.0775985325952096,0.56260117598593,0.424943996516643,0.000884378055873191
"SYTL1","brown",0.499403530333808,6.5856118164095e-05,0.422601312541349,0.000950876081656474
"FAM118A","brown",0.133543641242044,0.317608828033181,0.421214318860392,0.000992337472777836
"TEKT2","brown",0.222627757027207,0.0930104480535186,0.417820833331059,0.00110072649031731
"SEC14L4","brown",0.375623778592919,0.00366537444639403,0.417590185651923,0.00110846612032375
"MT1H","brown",0.295457084475174,0.0243425606009234,0.416428634713524,0.00114819213810104
"TEKT4","brown",0.224358690153887,0.0904308912671914,0.41499025727879,0.00119915727549006
"PRRG2","brown",0.282877380936587,0.0314296513246424,0.414484568388183,0.00121755228313359
"ASCL2","brown",0.211623388985959,0.110776790297176,0.414311940386702,0.00122388962238259
"AC127496.1","brown",0.350860780281655,0.00692688333693605,0.41324408037702,0.00126375470132805
"REP15","brown",0.448070163008163,0.000420170571117387,0.411616418746104,0.00132676383025382
"S1PR4","brown",0.279023445445191,0.0339180247786631,0.404025725897908,0.00165943915800813
"FOXD4L1","brown",0.443865789450582,0.000482944463447532,0.401008833673138,0.00181116433129827
"TRDN","brown",0.397773346052537,0.00198755542961486,0.400626263915932,0.00183126475993166
"PSORS1C1","brown",0.181929481671563,0.171684970836555,0.393158001905987,0.00226571623414743
"PLEKHG4B","brown",0.370068577398814,0.00424606510592453,0.388891013761029,0.0025532090599708
"OLFM2","brown",0.331892326184813,0.0109219741926422,0.388242263170355,0.00259965045894015
"CTB-50L17.14","brown",0.3486570410708,0.0073134424238853,0.387962552758583,0.00261990449286282
"WNT11","brown",0.209170034236883,0.115071707886148,0.383278454408432,0.00298057639090786
"FOXN4","brown",0.402410298296083,0.0017392044048332,0.382735695092872,0.00302509372500316
"SAPCD1","brown",0.114549570943062,0.39187821221457,0.382458823104287,0.00304802930284463
"TSPEAR","brown",0.264555679074311,0.0447657698036452,0.381086397397885,0.00316401150644657
"ASB16","brown",0.153356559148727,0.250424694189901,0.381052648432118,0.00316691222713558
"SULT1A2","brown",0.31729320419354,0.0152283475509409,0.379413733378033,0.00331064532879094
"MUC6","brown",0.253840720069581,0.0545136723023451,0.374937287193327,0.00373310670230991
"PIK3R2.1","brown",0.297303187486056,0.0234257738450064,0.372998391974545,0.00393042086217226
"OAS1","brown",0.237398696489176,0.0727548952515093,0.371725185495256,0.00406494913843598
"FAM179A","brown",0.356525793784885,0.00601399352942798,0.371658891428117,0.00407206386059785
"FGFR3","brown",0.302592033615482,0.0209591482004464,0.36922784213525,0.00434067685684256
"HBA1","brown",0.0309848037186419,0.817398870787064,0.364804573363557,0.00486971169824023
"SERINC5","brown",-0.0582359757020282,0.664124240856943,0.363328223766248,0.00505850139459225
"ATF3","brown",0.111321273304234,0.405447155178511,0.360107721171665,0.00549280439774107
"ECT2L","brown",0.215963614376808,0.103481623916857,0.359679222595663,0.00555298950779454
"RUFY4","brown",0.344140288988729,0.00816496828778789,0.358400523422609,0.00573604499948868
"ELL3","brown",0.201586835852032,0.129154380380328,0.355854427325649,0.00611636293012708
"BCMO1","brown",0.146087136267445,0.273853932525796,0.355072454306442,0.00623751935192218
"RP11-382J12.1","brown",0.186397734891483,0.161222145401568,0.35328628582536,0.00652217493309246
"CLCNKA","brown",0.375413182199958,0.00368603629721008,0.351110288157742,0.00688426297805781
"C19orf80","brown",0.221709248050992,0.094402414537585,0.351059409629795,0.00689293528118132
"RP11-166B2.1","brown",0.101866073365419,0.446726718946669,0.350911202130379,0.00691825185223479
"INE1","brown",0.0415245266343492,0.75694827634376,0.350822559674195,0.00693343241564788
"KLC3","brown",0.35328080270303,0.00652306597173654,0.349548118930729,0.00715492769263954
"CTRC","brown",0.252050739952775,0.0562986436969513,0.349462491887288,0.00717002856200399
"CLEC18C","brown",0.225954305286862,0.0881029159483724,0.349234138119938,0.00721043633470909
"TNFRSF4","brown",0.417617181514046,0.00110755772311573,0.348869560750493,0.00727536134772145
"H2BFM","brown",0.25541165648432,0.0529852280362286,0.346370737027322,0.00773425345734101
"TBKBP1","brown",0.341051315057747,0.0087958843017019,0.345387741190599,0.0079215726523644
"NPW","brown",0.264641401716994,0.0446939780837913,0.344047917890393,0.00818324736325115
"TPO","brown",0.225909450203248,0.0881677101433199,0.342540620531902,0.00848659625174346
"TG","brown",0.350734693012553,0.00694850883660927,0.342486123425964,0.00849774480542777
"ACOT6","brown",0.397700364276557,0.00199170521713181,0.339160882592199,0.00920255089061052
"C2orf71","brown",0.406283178829388,0.00155345706710399,0.337715628557882,0.00952436740518214
"NBPF14","brown",0.285100431870563,0.0300649076336751,0.337519921811449,0.00956868746361129
"TMEM160","brown",0.143979650654266,0.280910243821034,0.334826980220344,0.0101969462132938
"RSPO4","brown",0.226528336181518,0.0872770088403366,0.331273846549069,0.0110803347311942
"SCUBE3","brown",0.0736193504326373,0.582861764225912,0.331263926050739,0.0110828909396861
"CCDC37","brown",0.204753265345614,0.123123513871983,0.330568374293842,0.0112633884512558
"ELK1","brown",0.354837746800314,0.00627429189643299,0.328408123349715,0.011840262567524
"GNRH2","brown",0.296790881505828,0.0236772169437163,0.328054107861141,0.01193718934319
"RHOXF1","brown",0.415613808842983,0.00117681890247525,0.324417100852173,0.0129732629459898
"KIF18B","brown",0.294055084479512,0.0250588508028354,0.324382368244018,0.0129835188270194
"NANOS3","brown",0.296058005041459,0.0240408749870032,0.321403779898245,0.0138893947479791
"CYP2D6","brown",0.24054645544705,0.0689302344828177,0.321310008871607,0.0139187730469826
"SLC5A4","brown",0.2397315137147,0.0699046530802422,0.32074759928735,0.0140960972471611
"TNFRSF25","brown",0.399666875804602,0.00188255121962581,0.320483810292658,0.0141799341757323
"DDX43","brown",0.195549052281272,0.141268947427532,0.320425611502047,0.014198488326658
"HBA2","brown",-0.0361559400779862,0.787583893440722,0.319623813276907,0.0144562355932629
"TMPRSS9","brown",0.0993677043300246,0.458009947550721,0.311136736041038,0.0174398581929164
"VMAC","brown",0.0755898874812188,0.572787111517758,0.30538349553011,0.0197485399037976
"AQP8","brown",0.341075108130758,0.00879086715259361,0.301915454006752,0.0212618610441142
"ZNF630","brown",0.103253470924441,0.44052798945402,0.300801833619398,0.0217681786053871
"CKS2","brown",0.434692280102272,0.000650389860303567,0.299751055211711,0.0222552476622061
"INSL3","brown",0.315255856152492,0.0159319778071431,0.298427267159564,0.02288196022137
"DPEP2","brown",0.28718095065421,0.0288328993750436,0.2977333400341,0.0232163970098909
"TUSC5","brown",0.286877317397568,0.0290100201186225,0.293209660136445,0.0254993021960234
"LRAT","brown",0.119099315515817,0.373217023197264,0.290036519248719,0.0272110163985928
"LYPD1","brown",0.270856758817483,0.0397348963504386,0.28841295160957,0.028123492564297
"KRTAP5-9","brown",0.166686816163605,0.211085809436884,0.288003283373465,0.0283577443997724
"SLC26A7","brown",0.15268906286558,0.252517379296093,0.287197265048332,0.0288234082702702
"NTN3","brown",0.111883788977259,0.403063384078116,0.286791325712565,0.0290603475468639
"AC096677.1","brown",0.131503133436972,0.325126218264272,0.28659612721433,0.0291748606322948
"FAM43B","brown",0.219120075495059,0.0984137307004688,0.286522824075507,0.0292179613288367
"PALM3","brown",0.40143070611438,0.00178922777134942,0.2836425133136,0.0309542125325488
"C20orf197","brown",0.161574081005632,0.22562513809113,0.283026254269254,0.0313366697558882
"AL355312.1","brown",-0.0237011018328581,0.859824435541626,0.28131233872705,0.0324211348439302
"RNF182","brown",0.316457898797111,0.0155135462278212,0.281124058040915,0.0325421517098914
"COX6A2","brown",0.252762195409377,0.0555835926874937,0.28090926009097,0.0326806718778
"C1QL2","brown",0.296130791051884,0.0240045486349968,0.277008705979183,0.0352827728230891
"ATP6V0A4","brown",0.251604342291,0.0567510886225434,0.277007441532351,0.0352836434405652
"PRF1","brown",0.0866405398429724,0.517833452471011,0.274017544959985,0.037392777207444
"DRD2","brown",0.00141961260551778,0.991561653914457,0.272812305848464,0.0382719950913546
"C21orf88","brown",0.160096353275778,0.229953981622482,0.272186422176668,0.0387352776821512
"PTGDR2","brown",0.302913221356809,0.0208167273459453,0.271747897393007,0.0390626301347318
"SLC9C2","brown",0.26228670964711,0.0467006706876007,0.271434763123364,0.0392977764777272
"PRB2","brown",0.265640371348786,0.043864297218517,0.270729958060608,0.0398313252396468
"SLC7A10","brown",0.304215229818392,0.0202477675017817,0.26933749249564,0.0409030258400281
"LHX2","brown",0.369109400314809,0.00435415396246938,0.268723104131015,0.0413833854391484
"ETV4","brown",0.225599825943608,0.0886159895390795,0.26267780533038,0.0463623580230721
"GOLGA7B.1","brown",0.33455520281997,0.010262292342505,0.260346206070943,0.0484093006691002
"HTR1D","brown",0.197997379641922,0.136257967356195,0.260137560402224,0.0485960174536519
"GYS2","brown",0.210770173841986,0.112256260756372,0.259825447948453,0.0488764244496417
"MYO18A","brown",-0.0204920788396273,0.878649292186087,0.257847557529451,0.0506842612906751
"LRRC46","brown",0.0682631200703946,0.610644316421214,0.254244014381397,0.0541179141008216
"SYNPO2L","brown",-0.0844514379569138,0.528505089034684,0.248966555519228,0.0594850423348037
"C1orf172","brown",0.28830782922605,0.0281834471612059,0.247006537341204,0.061584581422306
"CTC-203F4.1","brown",0.072674315789801,0.587721747729288,0.243140816175145,0.0659002861068134
"SLC5A3","brown",0.359163519122886,0.00562618999442469,0.242561855901143,0.0665670225575717
"CHAD","brown",0.152579571654171,0.252861776719352,0.241538711268656,0.0677584930679408
"MORN5","brown",0.24940097094315,0.0590276164706917,0.238231405643712,0.0717270548927567
"RP11-1212A22.2","brown",0.199498539267659,0.13325227418877,0.231516901492188,0.0803529608488527
"CYP27B1","brown",0.141799284690488,0.288335882906717,0.229900540321038,0.0825471967376783
"AC002472.1","brown",0.255350953994272,0.053043634495658,0.226959499913028,0.0866606638052346
"ALDH3A1","brown",0.0489528837876095,0.715173161754455,0.216960256841401,0.101860115654339
"RP11-830F9.6","brown",0.333973574976328,0.0104033582511446,0.216586276411738,0.102466248524385
"JMJD7-PLA2G4B","brown",0.0529014093419926,0.693292246886696,0.214598192407324,0.105735444470753
"POU3F4","brown",0.11425652189802,0.393098753770366,0.214420958471943,0.106030750238674
"KIF25","brown",0.0469365125932159,0.726436754546048,0.214335063617654,0.106174096280349
"CAPN8","brown",0.0842975085345088,0.529259556954008,0.212980437963471,0.108454591923129
"RASD1","brown",0.270726803897765,0.0398337263637943,0.210064858500728,0.113490679334831
"COX7A1","brown",0.129109577227409,0.334086568701162,0.198177971696851,0.135893706723044
"TEKT5","brown",0.265353823242206,0.0441009814060494,0.19511643851007,0.142168517145357
"SLC52A1","brown",0.0901489684331405,0.500959425193034,0.194650756829115,0.14314162313825
"FATE1","brown",0.306476359925089,0.0192910373973112,0.194274944380315,0.143930553447528
"SLC47A2","brown",0.147002742452686,0.270825337732768,0.190599964715556,0.151817011258709
"WNT7B","brown",0.173690151730057,0.192258858885231,0.190462819573175,0.152117396849705
"SLC6A11","brown",0.157695479647617,0.237108977172824,0.185984171016921,0.16217038999181
"C20orf201","brown",0.206045372741154,0.120724941702987,0.184245593739666,0.166201517902613
"ANKRD18B","brown",0.241096035695252,0.0682792578895668,0.182221945166088,0.170985380418098
"RHCG","brown",0.315326450594141,0.0159071397554099,0.182155845438538,0.171143313011444
"AC131097.4","brown",0.147591103550916,0.268891018461596,0.179619627696496,0.177283646055368
"CD52","brown",0.225546394785347,0.0886935285845929,0.176109726128668,0.186042434735841
"CTD-2192J16.20","brown",-0.0361621809871974,0.787548083650437,0.174570754974709,0.189979425748635
"PKD1P1","brown",0.127553231010289,0.339995096773969,0.168872275900324,0.205076558417764
"AIRE","brown",0.201388975627806,0.129538510408931,0.166357635090735,0.212001566723757
"FAM166B","brown",0.120245786593096,0.368600547273993,0.162261539935051,0.223630717010133
"CABLES1","brown",0.240161753385986,0.0693888577392911,0.160951187831003,0.227442883495748
"AGBL2","brown",0.0465116297852472,0.728817631778719,0.160482530636464,0.228817210605839
"SCNN1G","brown",0.256803377268731,0.0516604246341388,0.156627721097897,0.24033972914771
"PIF1","brown",0.303320740686297,0.0206372072515672,0.152247185039183,0.253909226712621
"MST1R","brown",0.132603033385562,0.32106021914245,0.132082906819801,0.322978925381807
"STAB2","brown",0.00836788437189466,0.950290727469812,0.131931715471188,0.323538020078162
"KIAA1522","brown",0.264343651690004,0.0449437468206405,0.131891746872956,0.323685923555176
"SLC29A4","brown",0.227422442532677,0.0860027029176512,0.124043702747578,0.353556104216614
"DNAI1","brown",0.10725233894231,0.422932602838099,0.121088556837861,0.365229128528189
"TNNT1","brown",0.247933072301065,0.0605847734859443,0.11931976062799,0.37232666660739
"SLC13A5","brown",0.0901639081068137,0.500888183155574,0.118963738839641,0.373765240758419
"AL589739.1","brown",0.163351255957605,0.220494481574669,0.117346104825613,0.380343642281219
"VWA3A","brown",0.120799170829333,0.366384670343747,0.116774359102583,0.382685202125813
"MAPK15","brown",0.205720736689215,0.121324198483105,0.116121904677948,0.385367775722479
"DQX1","brown",0.120264514793944,0.368525422904317,0.109360095908138,0.413821877950756
"C14orf180","brown",0.0721748146685574,0.590297852006226,0.104050030154334,0.436990854700866
"RASL10B","brown",0.178110849529939,0.181011377269248,0.102033481210422,0.445976208626441
"TMEM249","brown",0.251131879998284,0.0572331530254144,0.0958881848703065,0.473980137197325
"ELOVL3","brown",0.0287400768281866,0.830424320038981,0.095017105860348,0.478024268638566
"TP53AIP1","brown",0.16305685681991,0.221338728989634,0.091164258587755,0.496129775805685
"KCNIP2","brown",0.0971094436237712,0.468341184933322,-0.0849708057350087,0.525963404100955
"VAV3","brown",0.19141793645605,0.15003454896009,0.0809205846993235,0.545944097548514
"FXYD7","brown",0.151275176532297,0.256989160089324,0.0724971079375342,0.588635092253994
"ESYT3","brown",0.216384514835228,0.10279441315101,0.0684673586722498,0.609574523136313
"NOTUM","brown",0.133696557379785,0.317049974319233,0.0639424440191574,0.633462612090579
"GP6","brown",0.099994386495983,0.455165177916648,0.0575673342832628,0.667754267287002
"NRAP","brown",0.159032129862835,0.233106885017486,0.0536670531649563,0.689077399286232
"GPR55","brown",-0.00598160684822127,0.964455419363967,-0.0526709730452506,0.694562609263176
"C9orf117","brown",-0.083073910822181,0.535275778922165,0.0498803221561347,0.710012446624058
"AZU1","brown",0.110400658881817,0.409366073271842,-0.045786096958087,0.732889112451688
"RLTPR","brown",0.18447265395919,0.165670925462264,0.042974767358889,0.748733728128069
"GPR153","brown",0.165434734380518,0.214583889022247,-0.0399829445456016,0.765709574472689
"MSH5-SAPCD1","brown",0.206887714413767,0.119180545319382,0.0394952688955744,0.768487329884378
"CNIH2","brown",0.113485719168892,0.39631980743119,-0.0300544933455106,0.822791433528605
"MUC12","brown",0.117084363236422,0.381414528705219,0.0271436394763425,0.839715829442031
"DOK7","brown",0.160127594464625,0.229861873487013,0.0271185737090698,0.839861892958068
"ABHD8","brown",0.166876030660128,0.210560690189823,-0.019841111497166,0.882476520263832
"MAPK11","brown",0.196276972185749,0.139764938464618,0.0129915431764672,0.922892474004273
"STRC","brown",0.0708478341280037,0.597166002702692,0.0108354881298335,0.935659398632034
"FUT1","brown",0.171625614798265,0.197679429691378,-0.0102282211139296,0.93925833347172
"ASGR1","brown",0.211620700525601,0.110781428430604,-0.000170829796126092,0.998984549233254
